,intrinsic_value
0,42
1,62
2,71
3,44
4,53
5,49
6,61
7,52
8,71
9,45
10,49
11,41
12,58
13,86
14,48
15,58
16,52
17,43
18,37
19,51
20,61
21,61
22,45
23,48
24,46
25,55
26,46
27,39
28,34
29,72
30,48
31,41
32,48
33,35
34,63
35,37
36,70
37,33
38,53
39,51
40,69
41,47
42,39
43,50
44,47
45,80
46,36
47,53
48,50
49,56
50,100
51,42
52,57
53,80
54,52
55,49
56,48
57,39
58,41
59,43
60,43
61,58
62,46
63,36
64,48
65,40
66,49
67,44
68,48
69,56
70,69
71,77
72,67
73,43
74,46
75,50
76,57
77,42
78,50
79,44
80,69
81,51
82,59
83,59
84,46
85,83
86,62
87,66
88,43
89,57
90,44
91,64
92,41
93,52
94,52
95,51
96,63
97,51
98,58
99,84
100,63
101,49
102,43
103,50
104,74
105,43
106,53
107,39
108,42
109,83
110,44
111,75
112,75
113,48
114,42
115,70
116,62
117,86
118,54
119,48
120,63
121,40
122,35
123,44
124,73
125,74
126,43
127,54
128,42
129,66
130,59
131,54
132,57
133,44
134,67
135,45
136,41
137,47
138,66
139,80
140,46
141,64
142,45
143,44
144,43
145,42
146,53
147,62
148,42
149,74
150,46
151,47
152,40
153,62
154,47
155,69
156,43
157,80
158,42
159,47
160,38
161,44
162,64
163,41
164,55
165,45
166,47
167,43
168,37
169,55
170,52
171,84
172,45
173,57
174,42
175,42
176,48
177,42
178,33
179,70
180,47
181,41
182,52
183,55
184,57
185,55
186,64
187,43
188,63
189,47
190,65
191,49
192,55
193,70
194,46
195,54
196,41
197,59
198,45
199,51
200,46
201,54
202,52
203,43
204,59
205,76
206,35
207,39
208,43
209,74
210,48
211,50
212,41
213,41
214,47
215,40
216,40
217,41
218,36
219,48
220,43
221,45
222,42
223,45
224,45
225,68
226,51
227,46
228,40
229,39
230,42
231,55
232,53
233,58
234,91
235,38
236,74
237,73
238,44
239,61
240,52
241,62
242,47
243,72
244,54
245,100
246,54
247,42
248,60
249,46
250,54
251,52
252,40
253,46
254,58
255,49
256,44
257,41
258,63
259,42
260,36
261,58
262,49
263,57
264,60
265,44
266,36
267,74
268,46
269,71
270,62
271,41
272,51
273,37
274,46
275,38
276,61
277,60
278,72
279,49
280,46
281,42
282,63
283,43
284,42
285,52
286,87
287,82
288,69
289,48
290,52
291,84
292,47
293,46
294,51
295,43
296,57
297,97
298,55
299,60
300,86
301,47
302,58
303,37
304,60
305,59
306,74
307,40
308,86
309,58
310,112
311,51
312,49
313,57
314,51
315,47
316,36
317,49
318,63
319,43
320,45
321,39
322,57
323,44
324,63
325,38
326,48
327,68
328,35
329,70
330,40
331,56
332,38
333,36
334,83
335,39
336,46
337,51
338,71
339,38
340,46
341,43
342,66
343,45
344,44
345,36
346,41
347,66
348,39
349,68
350,56
351,51
352,49
353,59
354,40
355,50
356,38
357,52
358,35
359,39
360,51
361,74
362,73
363,65
364,49
365,88
366,48
367,63
368,76
369,51
370,64
371,71
372,54
373,42
374,45
375,54
376,42
377,64
378,41
379,39
380,51
381,43
382,75
383,41
384,42
385,63
386,62
387,85
388,54
389,40
390,53
391,57
392,47
393,39
394,36
395,49
396,74
397,61
398,39
399,82
400,51
401,43
402,49
403,63
404,50
405,80
406,51
407,60
408,36
409,54
410,51
411,46
412,63
413,45
414,63
415,39
416,89
417,34
418,79
419,39
420,52
421,46
422,46
423,42
424,41
425,65
426,38
427,44
428,76
429,46
430,63
431,59
432,54
433,52
434,51
435,97
436,58
437,41
438,55
439,45
440,53
441,48
442,70
443,57
444,64
445,75
446,51
447,63
448,43
449,64
450,51
451,73
452,98
453,64
454,38
455,40
456,80
457,45
458,66
459,42
460,72
461,75
462,57
463,50
464,54
465,65
466,51
467,47
468,53
469,62
470,47
471,43
472,103
473,49
474,67
475,43
476,75
477,67
478,49
479,41
480,45
481,41
482,50
483,52
484,47
485,37
486,49
487,71
488,39
489,49
490,60
491,50
492,48
493,55
494,93
495,78
496,64
497,93
498,38
499,54
500,66
501,59
502,56
503,53
504,39
505,54
506,39
507,43
508,41
509,33
510,55
511,41
512,64
513,41
514,56
515,41
516,70
517,70
518,89
519,52
520,36
521,50
522,61
523,48
524,47
525,46
526,55
527,58
528,48
529,45
530,50
531,44
532,64
533,59
534,86
535,61
536,49
537,50
538,48
539,93
540,65
541,63
542,35
543,77
544,69
545,43
546,45
547,74
548,47
549,73
550,59
551,76
552,53
553,57
554,53
555,55
556,81
557,42
558,36
559,48
560,68
561,43
562,64
563,46
564,37
565,57
566,39
567,67
568,69
569,46
570,37
571,61
572,64
573,36
574,45
575,48
576,63
577,45
578,63
579,39
580,36
581,45
582,63
583,41
584,46
585,76
586,96
587,48
588,61
589,49
590,56
591,57
592,43
593,47
594,48
595,44
596,47
597,80
598,71
599,80
600,60
601,51
602,61
603,38
604,43
605,34
606,37
607,59
608,41
609,40
610,47
611,44
612,62
613,78
614,62
615,65
616,42
617,45
618,69
619,44
620,52
621,58
622,40
623,43
624,78
625,46
626,60
627,39
628,42
629,43
630,35
631,66
632,62
633,67
634,51
635,67
636,56
637,46
638,42
639,65
640,58
641,55
642,37
643,62
644,61
645,42
646,53
647,40
648,45
649,49
650,65
651,38
652,90
653,46
654,53
655,53
656,45
657,44
658,71
659,61
660,40
661,77
662,41
663,67
664,44
665,67
666,67
667,41
668,46
669,65
670,89
671,40
672,43
673,63
674,41
675,45
676,49
677,79
678,44
679,41
680,53
681,47
682,73
683,63
684,55
685,38
686,39
687,36
688,53
689,59
690,43
691,52
692,51
693,44
694,58
695,52
696,46
697,53
698,57
699,59
700,68
701,52
702,58
703,91
704,57
705,35
706,34
707,52
708,45
709,94
710,56
711,37
712,51
713,36
714,43
715,38
716,41
717,36
718,45
719,45
720,72
721,48
722,87
723,60
724,52
725,37
726,42
727,48
728,72
729,41
730,38
731,44
732,81
733,60
734,50
735,49
736,50
737,49
738,81
739,65
740,65
741,49
742,81
743,47
744,44
745,53
746,49
747,49
748,67
749,61
750,55
751,61
752,34
753,65
754,55
755,70
756,47
757,61
758,48
759,39
760,43
761,82
762,54
763,60
764,64
765,48
766,49
767,39
768,51
769,66
770,45
771,41
772,45
773,61
774,52
775,65
776,53
777,78
778,75
779,43
780,46
781,63
782,57
783,63
784,63
785,55
786,53
787,70
788,55
789,48
790,44
791,35
792,42
793,73
794,42
795,52
796,46
797,42
798,62
799,65
800,65
801,37
802,35
803,51
804,64
805,48
806,50
807,42
808,34
809,50
810,66
811,45
812,72
813,85
814,43
815,52
816,51
817,65
818,48
819,73
820,39
821,79
822,44
823,61
824,60
825,37
826,55
827,40
828,51
829,43
830,68
831,37
832,54
833,41
834,59
835,55
836,66
837,72
838,45
839,57
840,42
841,44
842,54
843,41
844,70
845,51
846,96
847,31
848,42
849,55
850,55
851,48
852,46
853,67
854,64
855,83
856,57
857,76
858,56
859,73
860,56
861,45
862,93
863,45
864,62
865,67
866,56
867,88
868,53
869,67
870,49
871,78
872,44
873,76
874,41
875,63
876,91
877,78
878,49
879,58
880,61
881,93
882,55
883,45
884,67
885,52
886,57
887,49
888,59
889,75
890,70
891,66
892,48
893,48
894,44
895,46
896,100
897,59
898,66
899,41
900,46
901,41
902,39
903,43
904,71
905,46
906,41
907,48
908,59
909,101
910,88
911,64
912,87
913,60
914,64
915,43
916,48
917,61
918,81
919,49
920,48
921,59
922,72
923,73
924,47
925,63
926,54
927,52
928,41
929,37
930,85
931,44
932,71
933,83
934,45
935,49
936,53
937,81
938,77
939,51
940,44
941,38
942,41
943,49
944,47
945,54
946,44
947,41
948,72
949,60
950,58
951,40
952,43
953,43
954,72
955,74
956,63
957,57
958,94
959,60
960,45
961,45
962,60
963,77
964,55
965,48
966,56
967,55
968,37
969,49
970,56
971,45
972,64
973,50
974,61
975,46
976,56
977,79
978,41
979,38
980,55
981,44
982,40
983,52
984,49
985,43
986,37
987,40
988,95
989,35
990,51
991,38
992,80
993,55
994,38
995,41
996,81
997,47
998,51
999,55
1000,106
1001,46
1002,95
1003,40
1004,47
1005,34
1006,87
1007,47
1008,54
1009,43
1010,61
1011,50
1012,64
1013,60
1014,45
1015,55
1016,38
1017,49
1018,43
1019,43
1020,38
1021,43
1022,46
1023,70
1024,49
1025,55
1026,45
1027,50
1028,64
1029,70
1030,59
1031,72
1032,44
1033,74
1034,53
1035,87
1036,81
1037,67
1038,51
1039,39
1040,59
1041,42
1042,80
1043,36
1044,39
1045,58
1046,48
1047,46
1048,47
1049,42
1050,46
1051,33
1052,54
1053,58
1054,67
1055,67
1056,69
1057,63
1058,57
1059,35
1060,68
1061,55
1062,46
1063,42
1064,65
1065,42
1066,48
1067,52
1068,57
1069,45
1070,40
1071,49
1072,49
1073,45
1074,52
1075,44
1076,37
1077,76
1078,64
1079,70
1080,66
1081,39
1082,46
1083,39
1084,35
1085,39
1086,54
1087,105
1088,78
1089,43
1090,47
1091,38
1092,43
1093,75
1094,68
1095,59
1096,57
1097,51
1098,42
1099,40
1100,72
1101,63
1102,46
1103,46
1104,69
1105,41
1106,45
1107,39
1108,50
1109,65
1110,44
1111,48
1112,54
1113,50
1114,54
1115,59
1116,35
1117,51
1118,40
1119,69
1120,53
1121,49
1122,55
1123,46
1124,52
1125,35
1126,75
1127,60
1128,37
1129,58
1130,91
1131,65
1132,43
1133,83
1134,64
1135,53
1136,38
1137,46
1138,46
1139,49
1140,55
1141,58
1142,52
1143,48
1144,54
1145,60
1146,48
1147,55
1148,47
1149,43
1150,43
1151,35
1152,53
1153,49
1154,53
1155,42
1156,60
1157,39
1158,66
1159,73
1160,46
1161,61
1162,53
1163,46
1164,57
1165,39
1166,50
1167,51
1168,77
1169,46
1170,44
1171,52
1172,39
1173,59
1174,65
1175,69
1176,41
1177,48
1178,56
1179,47
1180,43
1181,41
1182,46
1183,52
1184,41
1185,45
1186,41
1187,46
1188,37
1189,54
1190,58
1191,65
1192,111
1193,43
1194,60
1195,37
1196,45
1197,35
1198,63
1199,39
1200,44
1201,52
1202,69
1203,41
1204,52
1205,46
1206,54
1207,52
1208,45
1209,62
1210,44
1211,41
1212,58
1213,48
1214,43
1215,46
1216,36
1217,47
1218,67
1219,42
1220,41
1221,47
1222,66
1223,67
1224,52
1225,93
1226,41
1227,48
1228,51
1229,45
1230,36
1231,45
1232,36
1233,35
1234,49
1235,46
1236,56
1237,51
1238,42
1239,66
1240,45
1241,36
1242,43
1243,44
1244,49
1245,49
1246,37
1247,47
1248,54
1249,56
1250,58
1251,45
1252,51
1253,55
1254,78
1255,69
1256,66
1257,36
1258,42
1259,61
1260,64
1261,43
1262,48
1263,61
1264,50
1265,49
1266,54
1267,51
1268,41
1269,55
1270,59
1271,40
1272,38
1273,36
1274,63
1275,56
1276,45
1277,68
1278,45
1279,61
1280,83
1281,66
1282,66
1283,43
1284,51
1285,39
1286,58
1287,44
1288,37
1289,50
1290,62
1291,53
1292,46
1293,51
1294,48
1295,39
1296,59
1297,51
1298,73
1299,53
1300,45
1301,85
1302,81
1303,68
1304,34
1305,53
1306,45
1307,35
1308,61
1309,43
1310,61
1311,58
1312,44
1313,37
1314,60
1315,49
1316,44
1317,57
1318,39
1319,45
1320,61
1321,42
1322,50
1323,69
1324,38
1325,47
1326,39
1327,65
1328,46
1329,64
1330,37
1331,62
1332,100
1333,73
1334,51
1335,81
1336,68
1337,37
1338,51
1339,52
1340,56
1341,34
1342,43
1343,39
1344,70
1345,58
1346,45
1347,65
1348,70
1349,40
1350,46
1351,64
1352,49
1353,43
1354,62
1355,49
1356,61
1357,47
1358,60
1359,63
1360,55
1361,108
1362,46
1363,56
1364,53
1365,58
1366,42
1367,60
1368,63
1369,38
1370,61
1371,61
1372,55
1373,80
1374,43
1375,36
1376,40
1377,37
1378,47
1379,57
1380,43
1381,43
1382,74
1383,53
1384,43
1385,77
1386,58
1387,35
1388,59
1389,53
1390,61
1391,35
1392,64
1393,65
1394,45
1395,53
1396,42
1397,51
1398,107
1399,43
1400,45
1401,83
1402,49
1403,47
1404,79
1405,37
1406,51
1407,58
1408,69
1409,58
1410,49
1411,49
1412,45
1413,80
1414,42
1415,39
1416,57
1417,66
1418,56
1419,41
1420,33
1421,54
1422,33
1423,40
1424,44
1425,40
1426,49
1427,100
1428,66
1429,45
1430,42
1431,48
1432,43
1433,53
1434,47
1435,46
1436,66
1437,39
1438,47
1439,92
1440,47
1441,54
1442,47
1443,81
1444,66
1445,37
1446,49
1447,74
1448,48
1449,42
1450,53
1451,45
1452,97
1453,45
1454,46
1455,56
1456,40
1457,63
1458,44
1459,45
1460,61
1461,62
1462,56
1463,45
1464,49
1465,48
1466,38
1467,50
1468,39
1469,38
1470,51
1471,53
1472,45
1473,51
1474,56
1475,49
1476,38
1477,43
1478,76
1479,69
1480,73
1481,39
1482,47
1483,63
1484,44
1485,55
1486,54
1487,67
1488,79
1489,82
1490,59
1491,54
1492,46
1493,82
1494,55
1495,41
1496,46
1497,49
1498,55
1499,64
1500,56
1501,45
1502,60
1503,43
1504,58
1505,40
1506,65
1507,43
1508,37
1509,46
1510,41
1511,89
1512,37
1513,94
1514,50
1515,67
1516,86
1517,79
1518,41
1519,49
1520,42
1521,38
1522,55
1523,49
1524,58
1525,45
1526,47
1527,52
1528,73
1529,39
1530,60
1531,41
1532,45
1533,56
1534,76
1535,81
1536,59
1537,57
1538,53
1539,85
1540,41
1541,62
1542,55
1543,63
1544,52
1545,51
1546,41
1547,52
1548,44
1549,65
1550,41
1551,47
1552,44
1553,89
1554,38
1555,72
1556,51
1557,55
1558,52
1559,57
1560,38
1561,61
1562,37
1563,38
1564,85
1565,36
1566,63
1567,59
1568,47
1569,74
1570,108
1571,55
1572,61
1573,42
1574,37
1575,41
1576,45
1577,66
1578,69
1579,47
1580,57
1581,48
1582,76
1583,58
1584,64
1585,96
1586,55
1587,51
1588,55
1589,51
1590,67
1591,39
1592,58
1593,41
1594,56
1595,46
1596,51
1597,43
1598,56
1599,51
1600,44
1601,64
1602,102
1603,39
1604,54
1605,58
1606,82
1607,38
1608,57
1609,49
1610,50
1611,56
1612,47
1613,68
1614,61
1615,56
1616,39
1617,63
1618,64
1619,73
1620,42
1621,60
1622,42
1623,43
1624,52
1625,40
1626,53
1627,53
1628,57
1629,65
1630,40
1631,40
1632,41
1633,45
1634,39
1635,77
1636,74
1637,50
1638,57
1639,38
1640,55
1641,54
1642,63
1643,57
1644,66
1645,86
1646,39
1647,66
1648,46
1649,39
1650,54
1651,70
1652,43
1653,67
1654,43
1655,49
1656,48
1657,58
1658,35
1659,39
1660,52
1661,40
1662,43
1663,94
1664,81
1665,59
1666,45
1667,48
1668,70
1669,39
1670,47
1671,57
1672,55
1673,44
1674,61
1675,60
1676,57
1677,33
1678,63
1679,48
1680,87
1681,52
1682,64
1683,67
1684,37
1685,75
1686,53
1687,41
1688,40
1689,50
1690,39
1691,67
1692,52
1693,44
1694,35
1695,65
1696,86
1697,44
1698,40
1699,56
1700,49
1701,65
1702,35
1703,43
1704,45
1705,56
1706,52
1707,50
1708,36
1709,72
1710,38
1711,44
1712,38
1713,45
1714,35
1715,52
1716,39
1717,51
1718,64
1719,37
1720,42
1721,66
1722,45
1723,52
1724,71
1725,47
1726,45
1727,58
1728,53
1729,44
1730,55
1731,53
1732,66
1733,46
1734,48
1735,80
1736,57
1737,51
1738,67
1739,42
1740,45
1741,86
1742,87
1743,49
1744,44
1745,40
1746,39
1747,48
1748,43
1749,42
1750,53
1751,44
1752,49
1753,51
1754,47
1755,77
1756,60
1757,56
1758,89
1759,42
1760,45
1761,68
1762,60
1763,69
1764,78
1765,84
1766,47
1767,58
1768,61
1769,48
1770,49
1771,69
1772,44
1773,43
1774,106
1775,63
1776,43
1777,68
1778,62
1779,56
1780,42
1781,66
1782,41
1783,48
1784,42
1785,81
1786,60
1787,64
1788,59
1789,58
1790,48
1791,73
1792,54
1793,85
1794,31
1795,41
1796,49
1797,43
1798,44
1799,78
1800,46
1801,47
1802,60
1803,52
1804,48
1805,41
1806,44
1807,82
1808,66
1809,38
1810,48
1811,50
1812,79
1813,70
1814,55
1815,89
1816,40
1817,39
1818,45
1819,45
1820,59
1821,36
1822,67
1823,43
1824,40
1825,39
1826,52
1827,55
1828,64
1829,48
1830,60
1831,64
1832,41
1833,40
1834,73
1835,62
1836,44
1837,70
1838,61
1839,35
1840,50
1841,57
1842,84
1843,61
1844,61
1845,66
1846,39
1847,36
1848,58
1849,36
1850,47
1851,62
1852,63
1853,46
1854,41
1855,65
1856,46
1857,57
1858,53
1859,64
1860,41
1861,41
1862,64
1863,55
1864,54
1865,42
1866,51
1867,66
1868,68
1869,51
1870,49
1871,35
1872,36
1873,56
1874,48
1875,39
1876,38
1877,54
1878,61
1879,43
1880,41
1881,61
1882,54
1883,51
1884,63
1885,49
1886,52
1887,47
1888,38
1889,69
1890,59
1891,45
1892,44
1893,45
1894,47
1895,65
1896,46
1897,51
1898,56
1899,47
1900,64
1901,41
1902,57
1903,50
1904,56
1905,83
1906,42
1907,36
1908,48
1909,60
1910,37
1911,59
1912,43
1913,47
1914,37
1915,49
1916,49
1917,45
1918,64
1919,49
1920,40
1921,73
1922,51
1923,51
1924,43
1925,43
1926,45
1927,55
1928,40
1929,45
1930,49
1931,77
1932,42
1933,82
1934,83
1935,46
1936,80
1937,57
1938,41
1939,56
1940,57
1941,48
1942,96
1943,99
1944,47
1945,41
1946,54
1947,47
1948,38
1949,48
1950,60
1951,52
1952,57
1953,43
1954,39
1955,107
1956,66
1957,50
1958,42
1959,49
1960,48
1961,44
1962,46
1963,91
1964,35
1965,50
1966,46
1967,45
1968,42
1969,61
1970,86
1971,65
1972,66
1973,62
1974,34
1975,35
1976,56
1977,51
1978,50
1979,52
1980,64
1981,54
1982,72
1983,51
1984,58
1985,91
1986,69
1987,66
1988,52
1989,41
1990,58
1991,51
1992,40
1993,48
1994,39
1995,50
1996,83
1997,35
1998,55
1999,51
2000,44
2001,40
2002,40
2003,47
2004,50
2005,44
2006,50
2007,62
2008,60
2009,50
2010,49
2011,77
2012,46
2013,101
2014,56
2015,45
2016,78
2017,85
2018,94
2019,59
2020,52
2021,39
2022,87
2023,63
2024,82
2025,53
2026,51
2027,46
2028,65
2029,86
2030,52
2031,56
2032,36
2033,42
2034,58
2035,38
2036,66
2037,45
2038,43
2039,55
2040,88
2041,48
2042,56
2043,58
2044,47
2045,74
2046,56
2047,37
2048,43
2049,50
2050,57
2051,53
2052,40
2053,48
2054,56
2055,54
2056,46
2057,46
2058,51
2059,67
2060,45
2061,70
2062,58
2063,43
2064,65
2065,69
2066,46
2067,62
2068,58
2069,48
2070,38
2071,56
2072,41
2073,43
2074,49
2075,70
2076,73
2077,39
2078,44
2079,34
2080,70
2081,53
2082,40
2083,44
2084,38
2085,42
2086,59
2087,44
2088,59
2089,36
2090,36
2091,55
2092,41
2093,53
2094,47
2095,75
2096,45
2097,39
2098,42
2099,86
2100,71
2101,45
2102,62
2103,50
2104,65
2105,56
2106,82
2107,46
2108,47
2109,59
2110,48
2111,86
2112,87
2113,93
2114,45
2115,51
2116,52
2117,45
2118,39
2119,52
2120,41
2121,69
2122,61
2123,84
2124,46
2125,40
2126,32
2127,51
2128,57
2129,74
2130,65
2131,58
2132,41
2133,51
2134,56
2135,47
2136,100
2137,42
2138,42
2139,54
2140,53
2141,62
2142,53
2143,48
2144,59
2145,58
2146,43
2147,40
2148,47
2149,79
2150,38
2151,82
2152,39
2153,48
2154,37
2155,47
2156,47
2157,47
2158,47
2159,52
2160,64
2161,82
2162,88
2163,44
2164,42
2165,54
2166,61
2167,56
2168,53
2169,50
2170,40
2171,52
2172,44
2173,45
2174,41
2175,54
2176,52
2177,41
2178,37
2179,64
2180,50
2181,63
2182,53
2183,39
2184,39
2185,35
2186,47
2187,52
2188,56
2189,66
2190,36
2191,70
2192,54
2193,55
2194,45
2195,57
2196,43
2197,57
2198,44
2199,54
2200,43
2201,44
2202,43
2203,38
2204,58
2205,61
2206,53
2207,100
2208,45
2209,79
2210,69
2211,53
2212,45
2213,43
2214,62
2215,56
2216,43
2217,42
2218,49
2219,76
2220,64
2221,51
2222,67
2223,69
2224,63
2225,57
2226,55
2227,71
2228,85
2229,44
2230,77
2231,41
2232,54
2233,48
2234,44
2235,41
2236,89
2237,42
2238,55
2239,48
2240,39
2241,60
2242,45
2243,96
2244,48
2245,76
2246,58
2247,44
2248,60
2249,66
2250,71
2251,37
2252,45
2253,68
2254,46
2255,58
2256,51
2257,38
2258,63
2259,50
2260,87
2261,52
2262,48
2263,64
2264,56
2265,41
2266,42
2267,40
2268,59
2269,52
2270,74
2271,57
2272,42
2273,42
2274,43
2275,37
2276,48
2277,60
2278,33
2279,45
2280,48
2281,54
2282,43
2283,52
2284,61
2285,48
2286,61
2287,42
2288,48
2289,52
2290,64
2291,60
2292,57
2293,57
2294,65
2295,36
2296,87
2297,33
2298,44
2299,49
2300,45
2301,38
2302,44
2303,45
2304,39
2305,96
2306,49
2307,55
2308,57
2309,52
2310,60
2311,76
2312,45
2313,50
2314,70
2315,51
2316,68
2317,44
2318,46
2319,65
2320,50
2321,71
2322,46
2323,46
2324,64
2325,43
2326,44
2327,48
2328,49
2329,43
2330,60
2331,91
2332,40
2333,60
2334,65
2335,50
2336,54
2337,85
2338,45
2339,53
2340,46
2341,41
2342,41
2343,57
2344,48
2345,48
2346,50
2347,68
2348,67
2349,38
2350,44
2351,41
2352,46
2353,57
2354,74
2355,53
2356,42
2357,51
2358,49
2359,96
2360,46
2361,75
2362,68
2363,41
2364,39
2365,65
2366,43
2367,46
2368,40
2369,55
2370,42
2371,48
2372,38
2373,58
2374,43
2375,40
2376,50
2377,46
2378,51
2379,70
2380,41
2381,40
2382,42
2383,68
2384,64
2385,62
2386,53
2387,42
2388,74
2389,82
2390,43
2391,66
2392,39
2393,56
2394,51
2395,47
2396,49
2397,57
2398,97
2399,72
2400,62
2401,63
2402,36
2403,52
2404,49
2405,75
2406,48
2407,48
2408,66
2409,53
2410,50
2411,64
2412,59
2413,38
2414,42
2415,67
2416,44
2417,61
2418,55
2419,44
2420,62
2421,51
2422,47
2423,77
2424,40
2425,56
2426,45
2427,50
2428,41
2429,42
2430,49
2431,95
2432,51
2433,48
2434,40
2435,44
2436,46
2437,52
2438,55
2439,47
2440,35
2441,76
2442,42
2443,54
2444,62
2445,53
2446,38
2447,48
2448,54
2449,54
2450,80
2451,43
2452,50
2453,54
2454,68
2455,91
2456,60
2457,82
2458,40
2459,37
2460,53
2461,49
2462,40
2463,44
2464,54
2465,43
2466,45
2467,53
2468,46
2469,57
2470,56
2471,52
2472,102
2473,57
2474,76
2475,74
2476,63
2477,53
2478,39
2479,45
2480,45
2481,35
2482,61
2483,42
2484,59
2485,59
2486,49
2487,40
2488,88
2489,40
2490,56
2491,59
2492,56
2493,54
2494,37
2495,82
2496,38
2497,54
2498,45
2499,78
2500,42
2501,72
2502,61
2503,49
2504,79
2505,63
2506,52
2507,79
2508,46
2509,52
2510,57
2511,54
2512,75
2513,42
2514,57
2515,78
2516,44
2517,44
2518,109
2519,68
2520,50
2521,45
2522,70
2523,75
2524,41
2525,47
2526,40
2527,47
2528,39
2529,45
2530,65
2531,43
2532,42
2533,75
2534,80
2535,51
2536,55
2537,46
2538,51
2539,40
2540,77
2541,40
2542,54
2543,41
2544,55
2545,37
2546,40
2547,46
2548,43
2549,48
2550,60
2551,63
2552,34
2553,63
2554,62
2555,59
2556,83
2557,55
2558,81
2559,52
2560,48
2561,75
2562,37
2563,70
2564,71
2565,45
2566,46
2567,50
2568,47
2569,88
2570,53
2571,50
2572,51
2573,86
2574,54
2575,40
2576,52
2577,38
2578,35
2579,38
2580,59
2581,54
2582,40
2583,43
2584,40
2585,50
2586,73
2587,46
2588,77
2589,45
2590,40
2591,43
2592,43
2593,35
2594,41
2595,44
2596,51
2597,64
2598,43
2599,38
2600,34
2601,63
2602,51
2603,50
2604,89
2605,62
2606,83
2607,35
2608,50
2609,41
2610,47
2611,62
2612,71
2613,49
2614,79
2615,46
2616,75
2617,76
2618,37
2619,87
2620,57
2621,49
2622,38
2623,86
2624,49
2625,67
2626,71
2627,43
2628,53
2629,43
2630,37
2631,50
2632,72
2633,59
2634,44
2635,59
2636,36
2637,60
2638,71
2639,47
2640,77
2641,82
2642,41
2643,76
2644,60
2645,41
2646,58
2647,31
2648,49
2649,45
2650,35
2651,38
2652,34
2653,42
2654,52
2655,59
2656,41
2657,59
2658,40
2659,57
2660,76
2661,45
2662,44
2663,67
2664,50
2665,74
2666,55
2667,40
2668,61
2669,65
2670,42
2671,84
2672,60
2673,40
2674,55
2675,46
2676,44
2677,38
2678,72
2679,49
2680,33
2681,53
2682,39
2683,40
2684,57
2685,71
2686,40
2687,60
2688,47
2689,42
2690,56
2691,44
2692,44
2693,49
2694,54
2695,52
2696,55
2697,38
2698,54
2699,44
2700,45
2701,54
2702,32
2703,50
2704,56
2705,61
2706,60
2707,44
2708,53
2709,45
2710,45
2711,74
2712,86
2713,47
2714,63
2715,42
2716,41
2717,60
2718,48
2719,72
2720,53
2721,44
2722,43
2723,43
2724,92
2725,46
2726,52
2727,48
2728,53
2729,53
2730,50
2731,55
2732,53
2733,85
2734,40
2735,40
2736,40
2737,46
2738,45
2739,65
2740,48
2741,38
2742,56
2743,52
2744,58
2745,51
2746,58
2747,55
2748,71
2749,43
2750,63
2751,94
2752,75
2753,60
2754,50
2755,90
2756,90
2757,53
2758,52
2759,87
2760,48
2761,36
2762,40
2763,85
2764,56
2765,57
2766,40
2767,62
2768,36
2769,58
2770,45
2771,35
2772,62
2773,51
2774,64
2775,51
2776,62
2777,40
2778,40
2779,66
2780,94
2781,38
2782,43
2783,38
2784,56
2785,62
2786,40
2787,52
2788,51
2789,50
2790,74
2791,46
2792,98
2793,47
2794,42
2795,47
2796,99
2797,55
2798,55
2799,56
2800,39
2801,57
2802,50
2803,41
2804,65
2805,75
2806,67
2807,48
2808,46
2809,61
2810,52
2811,54
2812,87
2813,70
2814,70
2815,41
2816,39
2817,36
2818,43
2819,56
2820,49
2821,100
2822,69
2823,45
2824,39
2825,46
2826,74
2827,50
2828,39
2829,45
2830,57
2831,58
2832,62
2833,56
2834,77
2835,52
2836,60
2837,48
2838,52
2839,62
2840,67
2841,46
2842,44
2843,48
2844,60
2845,53
2846,48
2847,61
2848,50
2849,48
2850,65
2851,67
2852,84
2853,46
2854,57
2855,62
2856,71
2857,54
2858,42
2859,54
2860,60
2861,39
2862,43
2863,37
2864,61
2865,47
2866,85
2867,52
2868,78
2869,37
2870,41
2871,68
2872,46
2873,46
2874,39
2875,44
2876,85
2877,49
2878,58
2879,46
2880,80
2881,65
2882,48
2883,62
2884,48
2885,51
2886,55
2887,39
2888,90
2889,36
2890,41
2891,56
2892,104
2893,51
2894,47
2895,51
2896,68
2897,49
2898,62
2899,56
2900,52
2901,46
2902,47
2903,73
2904,47
2905,40
2906,66
2907,57
2908,51
2909,51
2910,42
2911,38
2912,54
2913,43
2914,66
2915,78
2916,44
2917,50
2918,61
2919,57
2920,77
2921,93
2922,75
2923,39
2924,41
2925,56
2926,46
2927,35
2928,39
2929,58
2930,36
2931,63
2932,45
2933,40
2934,47
2935,62
2936,57
2937,38
2938,65
2939,43
2940,38
2941,37
2942,37
2943,60
2944,71
2945,47
2946,39
2947,40
2948,60
2949,46
2950,76
2951,37
2952,42
2953,44
2954,47
2955,54
2956,88
2957,49
2958,54
2959,56
2960,60
2961,47
2962,44
2963,69
2964,36
2965,65
2966,65
2967,70
2968,56
2969,48
2970,47
2971,59
2972,40
2973,107
2974,58
2975,36
2976,54
2977,62
2978,41
2979,55
2980,45
2981,47
2982,78
2983,44
2984,61
2985,45
2986,52
2987,74
2988,48
2989,54
2990,36
2991,73
2992,45
2993,46
2994,40
2995,41
2996,59
2997,69
2998,55
2999,41
3000,36
3001,51
3002,81
3003,44
3004,81
3005,55
3006,41
3007,52
3008,41
3009,73
3010,54
3011,50
3012,40
3013,59
3014,58
3015,36
3016,66
3017,46
3018,69
3019,33
3020,72
3021,79
3022,76
3023,40
3024,61
3025,54
3026,56
3027,56
3028,47
3029,32
3030,52
3031,72
3032,38
3033,71
3034,90
3035,50
3036,43
3037,66
3038,51
3039,39
3040,79
3041,42
3042,47
3043,38
3044,69
3045,43
3046,42
3047,34
3048,58
3049,40
3050,44
3051,48
3052,45
3053,51
3054,45
3055,46
3056,46
3057,71
3058,67
3059,35
3060,59
3061,41
3062,38
3063,63
3064,38
3065,60
3066,33
3067,40
3068,65
3069,45
3070,53
3071,59
3072,83
3073,40
3074,43
3075,70
3076,48
3077,64
3078,49
3079,64
3080,64
3081,55
3082,64
3083,56
3084,50
3085,45
3086,56
3087,36
3088,47
3089,33
3090,43
3091,47
3092,46
3093,40
3094,89
3095,41
3096,51
3097,66
3098,43
3099,64
3100,76
3101,53
3102,66
3103,37
3104,73
3105,58
3106,63
3107,67
3108,76
3109,95
3110,39
3111,53
3112,69
3113,63
3114,60
3115,43
3116,68
3117,56
3118,40
3119,64
3120,45
3121,55
3122,63
3123,43
3124,43
3125,64
3126,51
3127,83
3128,54
3129,55
3130,65
3131,50
3132,47
3133,63
3134,69
3135,43
3136,41
3137,47
3138,44
3139,63
3140,48
3141,55
3142,46
3143,72
3144,38
3145,55
3146,73
3147,61
3148,63
3149,47
3150,38
3151,49
3152,43
3153,44
3154,38
3155,43
3156,81
3157,99
3158,59
3159,62
3160,40
3161,49
3162,37
3163,90
3164,32
3165,59
3166,68
3167,49
3168,84
3169,49
3170,50
3171,71
3172,54
3173,47
3174,48
3175,47
3176,56
3177,73
3178,46
3179,91
3180,77
3181,52
3182,43
3183,48
3184,56
3185,43
3186,84
3187,58
3188,44
3189,56
3190,38
3191,44
3192,43
3193,71
3194,41
3195,45
3196,46
3197,57
3198,67
3199,53
3200,36
3201,44
3202,55
3203,65
3204,41
3205,58
3206,64
3207,38
3208,58
3209,79
3210,37
3211,75
3212,52
3213,39
3214,62
3215,85
3216,48
3217,47
3218,55
3219,62
3220,47
3221,47
3222,74
3223,51
3224,37
3225,52
3226,47
3227,53
3228,85
3229,58
3230,87
3231,63
3232,53
3233,53
3234,97
3235,54
3236,41
3237,64
3238,54
3239,54
3240,58
3241,65
3242,41
3243,67
3244,43
3245,44
3246,46
3247,44
3248,52
3249,41
3250,51
3251,44
3252,59
3253,36
3254,41
3255,68
3256,57
3257,55
3258,47
3259,69
3260,57
3261,57
3262,35
3263,67
3264,38
3265,38
3266,39
3267,72
3268,64
3269,35
3270,44
3271,56
3272,41
3273,38
3274,70
3275,44
3276,45
3277,89
3278,49
3279,80
3280,52
3281,64
3282,55
3283,42
3284,39
3285,54
3286,86
3287,35
3288,45
3289,56
3290,59
3291,42
3292,63
3293,35
3294,45
3295,48
3296,84
3297,57
3298,36
3299,50
3300,46
3301,46
3302,70
3303,53
3304,46
3305,48
3306,57
3307,66
3308,43
3309,41
3310,44
3311,79
3312,51
3313,50
3314,49
3315,43
3316,46
3317,52
3318,39
3319,57
3320,64
3321,39
3322,59
3323,105
3324,46
3325,58
3326,63
3327,39
3328,41
3329,43
3330,58
3331,42
3332,75
3333,44
3334,48
3335,43
3336,45
3337,54
3338,65
3339,73
3340,45
3341,70
3342,63
3343,43
3344,92
3345,47
3346,52
3347,54
3348,42
3349,37
3350,45
3351,43
3352,60
3353,62
3354,68
3355,48
3356,67
3357,38
3358,92
3359,61
3360,85
3361,45
3362,48
3363,49
3364,62
3365,72
3366,51
3367,35
3368,64
3369,45
3370,50
3371,57
3372,44
3373,94
3374,48
3375,57
3376,39
3377,62
3378,65
3379,77
3380,52
3381,45
3382,40
3383,40
3384,68
3385,46
3386,65
3387,47
3388,75
3389,46
3390,89
3391,63
3392,33
3393,64
3394,39
3395,61
3396,47
3397,46
3398,43
3399,78
3400,40
3401,41
3402,56
3403,39
3404,54
3405,47
3406,71
3407,42
3408,58
3409,39
3410,37
3411,40
3412,44
3413,67
3414,43
3415,69
3416,41
3417,62
3418,41
3419,58
3420,55
3421,67
3422,47
3423,43
3424,47
3425,56
3426,53
3427,43
3428,51
3429,36
3430,36
3431,41
3432,47
3433,78
3434,76
3435,56
3436,81
3437,61
3438,42
3439,55
3440,46
3441,41
3442,46
3443,47
3444,48
3445,47
3446,37
3447,39
3448,50
3449,60
3450,63
3451,43
3452,42
3453,38
3454,60
3455,82
3456,47
3457,42
3458,40
3459,43
3460,47
3461,55
3462,43
3463,49
3464,57
3465,44
3466,58
3467,78
3468,76
3469,59
3470,40
3471,41
3472,43
3473,43
3474,59
3475,41
3476,39
3477,32
3478,96
3479,63
3480,52
3481,50
3482,68
3483,45
3484,91
3485,81
3486,45
3487,56
3488,57
3489,63
3490,42
3491,37
3492,54
3493,39
3494,70
3495,69
3496,67
3497,53
3498,74
3499,48
3500,42
3501,35
3502,58
3503,59
3504,45
3505,74
3506,51
3507,50
3508,38
3509,80
3510,46
3511,72
3512,48
3513,53
3514,54
3515,56
3516,52
3517,30
3518,44
3519,64
3520,73
3521,44
3522,46
3523,45
3524,40
3525,60
3526,37
3527,43
3528,43
3529,63
3530,68
3531,59
3532,57
3533,45
3534,55
3535,38
3536,90
3537,50
3538,74
3539,65
3540,42
3541,48
3542,36
3543,76
3544,49
3545,54
3546,72
3547,83
3548,44
3549,73
3550,69
3551,37
3552,38
3553,60
3554,46
3555,38
3556,38
3557,45
3558,46
3559,75
3560,90
3561,46
3562,71
3563,49
3564,55
3565,51
3566,75
3567,44
3568,48
3569,53
3570,40
3571,43
3572,56
3573,39
3574,56
3575,61
3576,38
3577,80
3578,72
3579,63
3580,46
3581,44
3582,41
3583,55
3584,36
3585,46
3586,41
3587,43
3588,40
3589,47
3590,49
3591,49
3592,71
3593,45
3594,39
3595,51
3596,38
3597,53
3598,74
3599,44
3600,61
3601,40
3602,42
3603,46
3604,83
3605,89
3606,93
3607,89
3608,44
3609,54
3610,70
3611,40
3612,45
3613,93
3614,56
3615,74
3616,66
3617,65
3618,81
3619,64
3620,43
3621,65
3622,60
3623,77
3624,47
3625,46
3626,55
3627,47
3628,40
3629,42
3630,43
3631,55
3632,94
3633,38
3634,54
3635,48
3636,39
3637,64
3638,46
3639,34
3640,45
3641,52
3642,41
3643,49
3644,48
3645,54
3646,44
3647,66
3648,46
3649,44
3650,60
3651,46
3652,63
3653,42
3654,47
3655,45
3656,47
3657,44
3658,48
3659,73
3660,50
3661,48
3662,55
3663,49
3664,85
3665,62
3666,52
3667,82
3668,42
3669,62
3670,45
3671,41
3672,44
3673,46
3674,64
3675,71
3676,48
3677,69
3678,79
3679,43
3680,46
3681,71
3682,81
3683,49
3684,64
3685,68
3686,115
3687,47
3688,48
3689,76
3690,40
3691,83
3692,40
3693,38
3694,64
3695,48
3696,48
3697,46
3698,47
3699,42
3700,48
3701,48
3702,37
3703,43
3704,60
3705,47
3706,54
3707,49
3708,41
3709,56
3710,65
3711,42
3712,49
3713,50
3714,40
3715,82
3716,59
3717,62
3718,60
3719,41
3720,41
3721,41
3722,64
3723,58
3724,62
3725,59
3726,48
3727,39
3728,58
3729,56
3730,56
3731,41
3732,63
3733,74
3734,47
3735,63
3736,77
3737,83
3738,46
3739,45
3740,44
3741,42
3742,47
3743,48
3744,64
3745,52
3746,55
3747,54
3748,68
3749,55
3750,44
3751,45
3752,53
3753,34
3754,40
3755,44
3756,72
3757,49
3758,57
3759,64
3760,59
3761,50
3762,52
3763,45
3764,42
3765,45
3766,40
3767,62
3768,64
3769,62
3770,42
3771,66
3772,55
3773,87
3774,62
3775,46
3776,49
3777,39
3778,42
3779,70
3780,44
3781,58
3782,60
3783,51
3784,52
3785,52
3786,47
3787,47
3788,32
3789,49
3790,66
3791,42
3792,38
3793,41
3794,59
3795,38
3796,65
3797,61
3798,42
3799,58
3800,65
3801,41
3802,72
3803,67
3804,42
3805,97
3806,73
3807,46
3808,52
3809,71
3810,48
3811,61
3812,41
3813,39
3814,44
3815,38
3816,36
3817,40
3818,46
3819,50
3820,51
3821,48
3822,40
3823,43
3824,39
3825,58
3826,59
3827,54
3828,54
3829,47
3830,36
3831,72
3832,53
3833,47
3834,53
3835,68
3836,41
3837,43
3838,62
3839,61
3840,49
3841,106
3842,44
3843,38
3844,68
3845,61
3846,57
3847,45
3848,54
3849,55
3850,39
3851,44
3852,45
3853,37
3854,55
3855,40
3856,40
3857,38
3858,56
3859,53
3860,49
3861,59
3862,71
3863,59
3864,49
3865,70
3866,49
3867,95
3868,67
3869,42
3870,73
3871,52
3872,85
3873,71
3874,74
3875,34
3876,59
3877,49
3878,51
3879,65
3880,49
3881,44
3882,54
3883,42
3884,36
3885,64
3886,42
3887,53
3888,65
3889,63
3890,52
3891,42
3892,47
3893,54
3894,48
3895,50
3896,65
3897,45
3898,52
3899,38
3900,66
3901,44
3902,71
3903,66
3904,69
3905,43
3906,45
3907,37
3908,75
3909,47
3910,36
3911,50
3912,46
3913,84
3914,73
3915,64
3916,67
3917,62
3918,64
3919,69
3920,49
3921,50
3922,78
3923,45
3924,52
3925,89
3926,59
3927,50
3928,65
3929,92
3930,70
3931,49
3932,64
3933,41
3934,44
3935,67
3936,44
3937,39
3938,44
3939,76
3940,78
3941,48
3942,60
3943,97
3944,52
3945,48
3946,44
3947,55
3948,41
3949,71
3950,47
3951,38
3952,59
3953,87
3954,38
3955,49
3956,42
3957,40
3958,45
3959,35
3960,67
3961,62
3962,47
3963,62
3964,66
3965,40
3966,44
3967,45
3968,43
3969,40
3970,59
3971,32
3972,56
3973,48
3974,40
3975,66
3976,50
3977,78
3978,69
3979,50
3980,60
3981,47
3982,63
3983,77
3984,85
3985,71
3986,55
3987,61
3988,82
3989,43
3990,40
3991,41
3992,74
3993,50
3994,65
3995,38
3996,41
3997,40
3998,58
3999,49
4000,51
4001,61
4002,67
4003,76
4004,67
4005,51
4006,43
4007,62
4008,66
4009,39
4010,51
4011,55
4012,53
4013,45
4014,43
4015,61
4016,49
4017,57
4018,49
4019,40
4020,39
4021,44
4022,56
4023,59
4024,43
4025,70
4026,51
4027,44
4028,64
4029,63
4030,87
4031,43
4032,51
4033,40
4034,48
4035,82
4036,46
4037,79
4038,48
4039,47
4040,71
4041,69
4042,45
4043,51
4044,49
4045,49
4046,58
4047,37
4048,72
4049,63
4050,55
4051,45
4052,85
4053,58
4054,80
4055,101
4056,77
4057,55
4058,35
4059,60
4060,48
4061,47
4062,48
4063,43
4064,44
4065,73
4066,52
4067,76
4068,46
4069,50
4070,49
4071,57
4072,50
4073,46
4074,64
4075,42
4076,72
4077,56
4078,42
4079,43
4080,42
4081,52
4082,97
4083,37
4084,40
4085,38
4086,52
4087,39
4088,69
4089,67
4090,59
4091,60
4092,65
4093,53
4094,70
4095,41
4096,47
4097,77
4098,63
4099,38
4100,50
4101,33
4102,56
4103,76
4104,55
4105,61
4106,51
4107,58
4108,37
4109,55
4110,44
4111,43
4112,73
4113,48
4114,41
4115,47
4116,60
4117,62
4118,52
4119,76
4120,51
4121,54
4122,60
4123,39
4124,45
4125,49
4126,41
4127,55
4128,61
4129,62
4130,50
4131,50
4132,41
4133,50
4134,75
4135,59
4136,49
4137,80
4138,49
4139,74
4140,49
4141,52
4142,68
4143,53
4144,57
4145,48
4146,69
4147,91
4148,69
4149,47
4150,61
4151,43
4152,56
4153,46
4154,35
4155,80
4156,62
4157,46
4158,42
4159,64
4160,53
4161,69
4162,41
4163,59
4164,55
4165,53
4166,42
4167,38
4168,55
4169,57
4170,44
4171,49
4172,51
4173,59
4174,40
4175,38
4176,42
4177,60
4178,52
4179,44
4180,33
4181,49
4182,52
4183,43
4184,68
4185,62
4186,43
4187,39
4188,40
4189,86
4190,45
4191,40
4192,84
4193,47
4194,82
4195,41
4196,51
4197,51
4198,34
4199,45
4200,85
4201,40
4202,49
4203,48
4204,55
4205,49
4206,43
4207,111
4208,45
4209,48
4210,44
4211,50
4212,45
4213,49
4214,46
4215,46
4216,55
4217,70
4218,52
4219,54
4220,59
4221,79
4222,87
4223,43
4224,82
4225,40
4226,52
4227,41
4228,70
4229,38
4230,62
4231,43
4232,46
4233,53
4234,45
4235,39
4236,34
4237,74
4238,64
4239,45
4240,44
4241,72
4242,39
4243,43
4244,57
4245,38
4246,44
4247,59
4248,53
4249,78
4250,78
4251,49
4252,60
4253,39
4254,61
4255,37
4256,41
4257,50
4258,69
4259,37
4260,59
4261,53
4262,42
4263,87
4264,38
4265,46
4266,69
4267,40
4268,50
4269,41
4270,39
4271,65
4272,68
4273,51
4274,39
4275,49
4276,64
4277,47
4278,46
4279,52
4280,41
4281,37
4282,53
4283,38
4284,68
4285,51
4286,63
4287,56
4288,84
4289,45
4290,60
4291,43
4292,50
4293,63
4294,44
4295,78
4296,50
4297,43
4298,51
4299,43
4300,38
4301,59
4302,95
4303,50
4304,61
4305,54
4306,66
4307,68
4308,54
4309,38
4310,38
4311,45
4312,56
4313,43
4314,61
4315,69
4316,51
4317,46
4318,64
4319,73
4320,35
4321,38
4322,39
4323,52
4324,47
4325,39
4326,49
4327,49
4328,42
4329,68
4330,55
4331,55
4332,56
4333,51
4334,51
4335,42
4336,38
4337,52
4338,58
4339,36
4340,43
4341,57
4342,45
4343,54
4344,43
4345,53
4346,39
4347,100
4348,51
4349,87
4350,62
4351,74
4352,61
4353,58
4354,55
4355,48
4356,57
4357,47
4358,64
4359,70
4360,35
4361,48
4362,36
4363,33
4364,45
4365,62
4366,89
4367,47
4368,48
4369,47
4370,93
4371,58
4372,57
4373,88
4374,57
4375,49
4376,52
4377,57
4378,69
4379,45
4380,46
4381,55
4382,48
4383,37
4384,55
4385,74
4386,46
4387,50
4388,64
4389,60
4390,71
4391,70
4392,56
4393,55
4394,49
4395,41
4396,57
4397,70
4398,51
4399,40
4400,43
4401,40
4402,49
4403,34
4404,61
4405,50
4406,42
4407,55
4408,41
4409,43
4410,44
4411,36
4412,82
4413,63
4414,77
4415,42
4416,48
4417,67
4418,77
4419,62
4420,54
4421,62
4422,56
4423,60
4424,46
4425,56
4426,42
4427,51
4428,36
4429,89
4430,71
4431,38
4432,86
4433,71
4434,35
4435,44
4436,41
4437,51
4438,44
4439,45
4440,55
4441,57
4442,66
4443,40
4444,52
4445,48
4446,43
4447,51
4448,40
4449,49
4450,54
4451,48
4452,56
4453,53
4454,92
4455,46
4456,48
4457,64
4458,49
4459,40
4460,63
4461,48
4462,38
4463,91
4464,43
4465,46
4466,47
4467,76
4468,41
4469,76
4470,64
4471,60
4472,43
4473,50
4474,59
4475,71
4476,47
4477,59
4478,44
4479,49
4480,51
4481,59
4482,62
4483,104
4484,72
4485,62
4486,38
4487,50
4488,49
4489,35
4490,65
4491,49
4492,54
4493,43
4494,41
4495,48
4496,67
4497,62
4498,58
4499,96
4500,78
4501,63
4502,42
4503,59
4504,47
4505,51
4506,51
4507,43
4508,92
4509,57
4510,86
4511,36
4512,42
4513,40
4514,63
4515,50
4516,73
4517,49
4518,58
4519,52
4520,62
4521,64
4522,59
4523,46
4524,57
4525,49
4526,37
4527,42
4528,52
4529,55
4530,38
4531,82
4532,46
4533,41
4534,65
4535,45
4536,96
4537,48
4538,56
4539,61
4540,63
4541,49
4542,62
4543,41
4544,57
4545,50
4546,55
4547,78
4548,59
4549,75
4550,49
4551,50
4552,45
4553,44
4554,52
4555,41
4556,50
4557,48
4558,38
4559,43
4560,71
4561,49
4562,45
4563,39
4564,47
4565,50
4566,54
4567,38
4568,82
4569,62
4570,52
4571,39
4572,51
4573,52
4574,51
4575,60
4576,82
4577,42
4578,116
4579,35
4580,46
4581,55
4582,57
4583,62
4584,39
4585,63
4586,42
4587,65
4588,71
4589,38
4590,46
4591,56
4592,91
4593,39
4594,71
4595,66
4596,38
4597,88
4598,52
4599,56
4600,58
4601,61
4602,42
4603,56
4604,85
4605,33
4606,50
4607,52
4608,55
4609,38
4610,47
4611,48
4612,35
4613,39
4614,42
4615,38
4616,36
4617,42
4618,60
4619,64
4620,105
4621,64
4622,48
4623,60
4624,73
4625,42
4626,49
4627,86
4628,36
4629,52
4630,47
4631,75
4632,70
4633,47
4634,35
4635,56
4636,62
4637,51
4638,70
4639,35
4640,63
4641,60
4642,46
4643,48
4644,54
4645,64
4646,49
4647,48
4648,39
4649,60
4650,54
4651,44
4652,47
4653,37
4654,35
4655,40
4656,73
4657,74
4658,41
4659,90
4660,43
4661,63
4662,42
4663,40
4664,55
4665,46
4666,60
4667,60
4668,68
4669,49
4670,48
4671,63
4672,34
4673,42
4674,55
4675,50
4676,71
4677,59
4678,101
4679,54
4680,48
4681,43
4682,47
4683,73
4684,43
4685,50
4686,40
4687,48
4688,39
4689,46
4690,38
4691,42
4692,45
4693,39
4694,40
4695,59
4696,54
4697,35
4698,92
4699,36
4700,43
4701,42
4702,61
4703,49
4704,38
4705,58
4706,77
4707,48
4708,48
4709,40
4710,64
4711,34
4712,82
4713,54
4714,49
4715,43
4716,65
4717,61
4718,66
4719,62
4720,48
4721,37
4722,69
4723,38
4724,41
4725,36
4726,42
4727,53
4728,60
4729,49
4730,83
4731,42
4732,64
4733,53
4734,64
4735,51
4736,66
4737,77
4738,51
4739,55
4740,59
4741,48
4742,59
4743,49
4744,72
4745,50
4746,39
4747,52
4748,60
4749,57
4750,49
4751,45
4752,94
4753,62
4754,66
4755,44
4756,60
4757,34
4758,44
4759,67
4760,41
4761,38
4762,51
4763,64
4764,42
4765,55
4766,41
4767,40
4768,93
4769,65
4770,60
4771,46
4772,76
4773,38
4774,54
4775,39
4776,50
4777,84
4778,52
4779,58
4780,47
4781,65
4782,47
4783,38
4784,68
4785,75
4786,91
4787,40
4788,35
4789,64
4790,45
4791,47
4792,42
4793,50
4794,65
4795,39
4796,72
4797,41
4798,39
4799,41
4800,41
4801,56
4802,38
4803,49
4804,52
4805,34
4806,83
4807,37
4808,35
4809,52
4810,46
4811,39
4812,48
4813,69
4814,50
4815,54
4816,63
4817,60
4818,44
4819,51
4820,59
4821,69
4822,43
4823,60
4824,56
4825,47
4826,44
4827,65
4828,74
4829,62
4830,43
4831,45
4832,82
4833,51
4834,41
4835,41
4836,58
4837,45
4838,59
4839,77
4840,50
4841,84
4842,43
4843,85
4844,46
4845,34
4846,48
4847,67
4848,70
4849,72
4850,58
4851,46
4852,49
4853,53
4854,62
4855,45
4856,73
4857,45
4858,57
4859,80
4860,39
4861,46
4862,76
4863,64
4864,52
4865,46
4866,44
4867,53
4868,59
4869,44
4870,34
4871,43
4872,46
4873,74
4874,55
4875,45
4876,53
4877,46
4878,47
4879,66
4880,50
4881,55
4882,54
4883,67
4884,41
4885,58
4886,51
4887,49
4888,44
4889,42
4890,36
4891,51
4892,83
4893,55
4894,66
4895,44
4896,39
4897,38
4898,72
4899,54
4900,54
4901,58
4902,60
4903,52
4904,55
4905,51
4906,44
4907,60
4908,49
4909,37
4910,55
4911,68
4912,65
4913,52
4914,52
4915,41
4916,76
4917,62
4918,49
4919,47
4920,48
4921,73
4922,71
4923,81
4924,61
4925,32
4926,59
4927,71
4928,55
4929,111
4930,46
4931,50
4932,63
4933,103
4934,46
4935,50
4936,47
4937,47
4938,75
4939,41
4940,55
4941,64
4942,46
4943,63
4944,83
4945,40
4946,64
4947,48
4948,38
4949,50
4950,59
4951,57
4952,87
4953,55
4954,53
4955,56
4956,63
4957,59
4958,90
4959,38
4960,38
4961,52
4962,63
4963,50
4964,40
4965,42
4966,50
4967,47
4968,54
4969,46
4970,67
4971,55
4972,35
4973,73
4974,101
4975,41
4976,43
4977,53
4978,45
4979,46
4980,75
4981,41
4982,46
4983,47
4984,60
4985,39
4986,68
4987,46
4988,47
4989,87
4990,73
4991,49
4992,67
4993,35
4994,40
4995,63
4996,72
4997,50
4998,34
4999,67
5000,73
5001,60
5002,38
5003,60
5004,55
5005,48
5006,55
5007,69
5008,44
5009,61
5010,62
5011,54
5012,60
5013,41
5014,55
5015,59
5016,54
5017,57
5018,36
5019,36
5020,60
5021,57
5022,69
5023,36
5024,48
5025,35
5026,51
5027,54
5028,39
5029,55
5030,65
5031,53
5032,59
5033,44
5034,71
5035,57
5036,44
5037,68
5038,70
5039,56
5040,45
5041,59
5042,46
5043,63
5044,66
5045,36
5046,76
5047,98
5048,87
5049,76
5050,53
5051,50
5052,65
5053,45
5054,51
5055,66
5056,51
5057,36
5058,38
5059,60
5060,49
5061,40
5062,54
5063,60
5064,59
5065,61
5066,46
5067,75
5068,44
5069,41
5070,39
5071,39
5072,43
5073,42
5074,56
5075,49
5076,36
5077,52
5078,44
5079,49
5080,54
5081,73
5082,37
5083,73
5084,55
5085,45
5086,41
5087,53
5088,47
5089,45
5090,36
5091,69
5092,60
5093,46
5094,51
5095,59
5096,71
5097,45
5098,60
5099,65
5100,40
5101,52
5102,63
5103,46
5104,39
5105,61
5106,43
5107,36
5108,37
5109,53
5110,48
5111,55
5112,41
5113,60
5114,53
5115,66
5116,61
5117,72
5118,102
5119,73
5120,58
5121,38
5122,44
5123,43
5124,54
5125,48
5126,53
5127,57
5128,69
5129,60
5130,70
5131,45
5132,45
5133,54
5134,59
5135,40
5136,52
5137,50
5138,35
5139,47
5140,51
5141,51
5142,40
5143,79
5144,46
5145,57
5146,47
5147,58
5148,55
5149,41
5150,41
5151,43
5152,43
5153,47
5154,46
5155,70
5156,40
5157,71
5158,61
5159,46
5160,48
5161,95
5162,68
5163,83
5164,51
5165,79
5166,62
5167,88
5168,44
5169,43
5170,44
5171,54
5172,80
5173,59
5174,49
5175,43
5176,67
5177,48
5178,108
5179,65
5180,42
5181,49
5182,79
5183,49
5184,40
5185,40
5186,37
5187,55
5188,41
5189,52
5190,89
5191,48
5192,56
5193,38
5194,39
5195,54
5196,43
5197,45
5198,74
5199,58
5200,54
5201,50
5202,36
5203,59
5204,83
5205,48
5206,89
5207,57
5208,61
5209,41
5210,40
5211,48
5212,51
5213,57
5214,76
5215,65
5216,46
5217,63
5218,40
5219,51
5220,40
5221,56
5222,56
5223,59
5224,65
5225,65
5226,71
5227,51
5228,69
5229,55
5230,45
5231,39
5232,68
5233,45
5234,51
5235,64
5236,51
5237,39
5238,73
5239,37
5240,47
5241,59
5242,65
5243,40
5244,56
5245,45
5246,81
5247,57
5248,59
5249,53
5250,46
5251,42
5252,45
5253,82
5254,51
5255,52
5256,42
5257,37
5258,55
5259,50
5260,76
5261,55
5262,45
5263,72
5264,48
5265,36
5266,52
5267,53
5268,42
5269,42
5270,61
5271,80
5272,63
5273,44
5274,63
5275,82
5276,40
5277,50
5278,55
5279,60
5280,47
5281,106
5282,58
5283,65
5284,39
5285,35
5286,67
5287,61
5288,53
5289,45
5290,50
5291,49
5292,69
5293,42
5294,54
5295,44
5296,44
5297,41
5298,61
5299,35
5300,42
5301,52
5302,40
5303,58
5304,59
5305,61
5306,59
5307,38
5308,43
5309,39
5310,72
5311,41
5312,42
5313,46
5314,40
5315,75
5316,53
5317,60
5318,40
5319,41
5320,61
5321,60
5322,71
5323,57
5324,65
5325,51
5326,83
5327,56
5328,45
5329,35
5330,87
5331,44
5332,33
5333,65
5334,60
5335,90
5336,52
5337,61
5338,91
5339,44
5340,47
5341,55
5342,51
5343,45
5344,60
5345,36
5346,63
5347,56
5348,41
5349,38
5350,84
5351,48
5352,36
5353,49
5354,43
5355,46
5356,49
5357,40
5358,71
5359,52
5360,80
5361,100
5362,43
5363,42
5364,59
5365,86
5366,49
5367,44
5368,64
5369,47
5370,39
5371,62
5372,39
5373,56
5374,73
5375,105
5376,45
5377,50
5378,43
5379,47
5380,49
5381,63
5382,71
5383,48
5384,81
5385,48
5386,44
5387,55
5388,63
5389,56
5390,43
5391,59
5392,52
5393,71
5394,41
5395,61
5396,39
5397,55
5398,68
5399,44
5400,55
5401,41
5402,48
5403,40
5404,44
5405,65
5406,57
5407,59
5408,38
5409,37
5410,63
5411,61
5412,47
5413,63
5414,49
5415,59
5416,47
5417,55
5418,42
5419,36
5420,72
5421,54
5422,52
5423,39
5424,80
5425,69
5426,59
5427,48
5428,52
5429,42
5430,45
5431,52
5432,38
5433,33
5434,37
5435,92
5436,49
5437,46
5438,44
5439,50
5440,37
5441,81
5442,61
5443,50
5444,47
5445,39
5446,53
5447,80
5448,56
5449,61
5450,67
5451,88
5452,70
5453,73
5454,73
5455,51
5456,69
5457,65
5458,74
5459,46
5460,75
5461,43
5462,44
5463,100
5464,62
5465,59
5466,55
5467,54
5468,65
5469,42
5470,50
5471,39
5472,46
5473,54
5474,56
5475,59
5476,43
5477,56
5478,49
5479,41
5480,70
5481,49
5482,38
5483,49
5484,55
5485,44
5486,54
5487,49
5488,53
5489,43
5490,61
5491,49
5492,81
5493,34
5494,44
5495,44
5496,49
5497,48
5498,46
5499,45
5500,55
5501,50
5502,40
5503,51
5504,64
5505,42
5506,35
5507,52
5508,53
5509,46
5510,39
5511,36
5512,37
5513,42
5514,48
5515,68
5516,66
5517,41
5518,54
5519,46
5520,75
5521,55
5522,85
5523,43
5524,38
5525,48
5526,51
5527,51
5528,49
5529,78
5530,61
5531,41
5532,46
5533,38
5534,37
5535,36
5536,38
5537,54
5538,47
5539,88
5540,44
5541,58
5542,61
5543,71
5544,46
5545,64
5546,39
5547,71
5548,56
5549,60
5550,42
5551,34
5552,67
5553,43
5554,45
5555,61
5556,41
5557,58
5558,68
5559,42
5560,79
5561,35
5562,65
5563,54
5564,56
5565,66
5566,65
5567,56
5568,53
5569,62
5570,41
5571,56
5572,51
5573,93
5574,59
5575,61
5576,46
5577,104
5578,41
5579,35
5580,43
5581,87
5582,93
5583,40
5584,46
5585,78
5586,42
5587,63
5588,38
5589,92
5590,73
5591,65
5592,40
5593,68
5594,57
5595,39
5596,44
5597,55
5598,64
5599,50
5600,58
5601,51
5602,56
5603,47
5604,46
5605,38
5606,71
5607,44
5608,59
5609,48
5610,68
5611,62
5612,42
5613,42
5614,76
5615,52
5616,67
5617,44
5618,36
5619,74
5620,57
5621,64
5622,37
5623,60
5624,59
5625,52
5626,36
5627,55
5628,49
5629,45
5630,40
5631,55
5632,34
5633,51
5634,57
5635,74
5636,64
5637,43
5638,60
5639,44
5640,48
5641,42
5642,68
5643,71
5644,44
5645,85
5646,97
5647,63
5648,87
5649,43
5650,39
5651,54
5652,43
5653,71
5654,39
5655,44
5656,74
5657,53
5658,84
5659,53
5660,43
5661,46
5662,48
5663,37
5664,46
5665,66
5666,44
5667,52
5668,51
5669,46
5670,41
5671,56
5672,59
5673,50
5674,61
5675,58
5676,41
5677,65
5678,76
5679,70
5680,50
5681,35
5682,57
5683,83
5684,52
5685,73
5686,65
5687,50
5688,45
5689,45
5690,57
5691,47
5692,89
5693,59
5694,44
5695,44
5696,46
5697,54
5698,46
5699,57
5700,54
5701,64
5702,111
5703,49
5704,67
5705,45
5706,58
5707,45
5708,46
5709,52
5710,70
5711,65
5712,73
5713,83
5714,43
5715,83
5716,99
5717,51
5718,72
5719,43
5720,46
5721,51
5722,71
5723,48
5724,41
5725,50
5726,63
5727,42
5728,37
5729,48
5730,52
5731,44
5732,69
5733,56
5734,47
5735,47
5736,47
5737,49
5738,46
5739,57
5740,37
5741,53
5742,45
5743,71
5744,62
5745,58
5746,44
5747,43
5748,37
5749,50
5750,48
5751,108
5752,60
5753,74
5754,42
5755,47
5756,61
5757,51
5758,79
5759,43
5760,73
5761,60
5762,41
5763,54
5764,46
5765,61
5766,48
5767,44
5768,56
5769,46
5770,58
5771,57
5772,51
5773,63
5774,43
5775,44
5776,42
5777,46
5778,44
5779,47
5780,57
5781,40
5782,50
5783,66
5784,76
5785,61
5786,44
5787,57
5788,60
5789,60
5790,54
5791,77
5792,49
5793,41
5794,82
5795,52
5796,54
5797,43
5798,46
5799,41
5800,47
5801,44
5802,89
5803,42
5804,40
5805,57
5806,59
5807,54
5808,48
5809,56
5810,41
5811,48
5812,40
5813,36
5814,56
5815,38
5816,51
5817,58
5818,58
5819,49
5820,62
5821,35
5822,54
5823,55
5824,49
5825,49
5826,51
5827,45
5828,69
5829,51
5830,54
5831,67
5832,41
5833,41
5834,75
5835,52
5836,75
5837,61
5838,49
5839,51
5840,40
5841,74
5842,62
5843,47
5844,41
5845,55
5846,64
5847,40
5848,66
5849,50
5850,46
5851,43
5852,63
5853,54
5854,48
5855,46
5856,50
5857,45
5858,42
5859,48
5860,78
5861,50
5862,50
5863,57
5864,70
5865,58
5866,54
5867,46
5868,41
5869,48
5870,48
5871,95
5872,46
5873,57
5874,63
5875,48
5876,64
5877,44
5878,62
5879,56
5880,61
5881,54
5882,40
5883,66
5884,45
5885,55
5886,55
5887,39
5888,59
5889,60
5890,38
5891,91
5892,45
5893,60
5894,37
5895,59
5896,78
5897,39
5898,56
5899,39
5900,79
5901,40
5902,39
5903,41
5904,35
5905,54
5906,49
5907,51
5908,45
5909,77
5910,35
5911,72
5912,43
5913,53
5914,83
5915,40
5916,52
5917,55
5918,45
5919,39
5920,41
5921,51
5922,39
5923,64
5924,44
5925,48
5926,48
5927,48
5928,39
5929,69
5930,43
5931,39
5932,39
5933,45
5934,60
5935,79
5936,48
5937,44
5938,50
5939,60
5940,41
5941,57
5942,102
5943,41
5944,63
5945,48
5946,54
5947,40
5948,55
5949,56
5950,37
5951,87
5952,52
5953,66
5954,64
5955,61
5956,48
5957,43
5958,43
5959,42
5960,66
5961,68
5962,52
5963,39
5964,63
5965,51
5966,44
5967,50
5968,56
5969,63
5970,55
5971,59
5972,38
5973,48
5974,47
5975,45
5976,41
5977,64
5978,51
5979,62
5980,54
5981,47
5982,46
5983,41
5984,39
5985,56
5986,59
5987,55
5988,53
5989,49
5990,49
5991,66
5992,55
5993,44
5994,48
5995,73
5996,44
5997,66
5998,62
5999,54
6000,57
6001,80
6002,59
6003,41
6004,56
6005,40
6006,97
6007,36
6008,43
6009,43
6010,110
6011,44
6012,57
6013,64
6014,44
6015,39
6016,51
6017,46
6018,72
6019,44
6020,61
6021,52
6022,49
6023,30
6024,75
6025,53
6026,66
6027,57
6028,71
6029,43
6030,60
6031,56
6032,47
6033,42
6034,47
6035,57
6036,77
6037,55
6038,70
6039,81
6040,46
6041,53
6042,63
6043,42
6044,46
6045,42
6046,39
6047,53
6048,68
6049,47
6050,52
6051,72
6052,67
6053,42
6054,51
6055,95
6056,35
6057,36
6058,37
6059,42
6060,42
6061,66
6062,36
6063,43
6064,43
6065,56
6066,41
6067,65
6068,41
6069,39
6070,42
6071,104
6072,49
6073,36
6074,38
6075,64
6076,54
6077,38
6078,55
6079,39
6080,43
6081,49
6082,43
6083,69
6084,40
6085,43
6086,69
6087,38
6088,73
6089,39
6090,43
6091,48
6092,52
6093,33
6094,47
6095,45
6096,38
6097,46
6098,46
6099,67
6100,37
6101,45
6102,40
6103,41
6104,40
6105,101
6106,47
6107,60
6108,53
6109,37
6110,44
6111,60
6112,59
6113,46
6114,38
6115,46
6116,50
6117,43
6118,67
6119,81
6120,58
6121,39
6122,39
6123,72
6124,45
6125,63
6126,44
6127,62
6128,42
6129,65
6130,71
6131,64
6132,50
6133,52
6134,43
6135,43
6136,57
6137,65
6138,53
6139,45
6140,44
6141,61
6142,53
6143,62
6144,64
6145,79
6146,55
6147,39
6148,60
6149,36
6150,46
6151,60
6152,57
6153,43
6154,36
6155,35
6156,80
6157,55
6158,54
6159,52
6160,53
6161,45
6162,64
6163,46
6164,50
6165,46
6166,56
6167,58
6168,49
6169,52
6170,41
6171,58
6172,38
6173,44
6174,60
6175,65
6176,49
6177,38
6178,49
6179,69
6180,60
6181,37
6182,40
6183,49
6184,74
6185,46
6186,44
6187,44
6188,80
6189,41
6190,45
6191,58
6192,37
6193,89
6194,36
6195,46
6196,52
6197,81
6198,39
6199,34
6200,36
6201,61
6202,43
6203,52
6204,91
6205,62
6206,54
6207,49
6208,85
6209,65
6210,46
6211,70
6212,72
6213,35
6214,83
6215,44
6216,61
6217,42
6218,62
6219,78
6220,55
6221,41
6222,86
6223,97
6224,45
6225,79
6226,79
6227,54
6228,41
6229,48
6230,55
6231,49
6232,43
6233,47
6234,89
6235,40
6236,34
6237,42
6238,38
6239,47
6240,84
6241,45
6242,44
6243,59
6244,39
6245,112
6246,38
6247,72
6248,62
6249,85
6250,36
6251,47
6252,68
6253,34
6254,89
6255,50
6256,54
6257,49
6258,40
6259,83
6260,36
6261,43
6262,53
6263,67
6264,85
6265,101
6266,64
6267,69
6268,49
6269,49
6270,41
6271,57
6272,41
6273,42
6274,44
6275,66
6276,55
6277,44
6278,39
6279,62
6280,65
6281,35
6282,55
6283,39
6284,38
6285,39
6286,64
6287,66
6288,81
6289,49
6290,56
6291,72
6292,62
6293,37
6294,56
6295,50
6296,81
6297,83
6298,48
6299,73
6300,45
6301,81
6302,54
6303,54
6304,53
6305,61
6306,61
6307,56
6308,55
6309,71
6310,44
6311,47
6312,67
6313,54
6314,46
6315,44
6316,82
6317,73
6318,57
6319,96
6320,38
6321,39
6322,47
6323,46
6324,57
6325,59
6326,44
6327,40
6328,43
6329,33
6330,51
6331,43
6332,70
6333,42
6334,46
6335,75
6336,44
6337,50
6338,36
6339,47
6340,41
6341,36
6342,41
6343,53
6344,49
6345,59
6346,78
6347,74
6348,48
6349,38
6350,43
6351,33
6352,47
6353,55
6354,42
6355,52
6356,60
6357,44
6358,59
6359,33
6360,35
6361,72
6362,48
6363,58
6364,38
6365,45
6366,42
6367,44
6368,58
6369,50
6370,95
6371,38
6372,58
6373,53
6374,48
6375,92
6376,53
6377,81
6378,47
6379,44
6380,52
6381,43
6382,46
6383,43
6384,53
6385,62
6386,49
6387,69
6388,55
6389,42
6390,42
6391,47
6392,66
6393,36
6394,63
6395,104
6396,84
6397,50
6398,42
6399,50
6400,51
6401,48
6402,62
6403,46
6404,37
6405,59
6406,35
6407,66
6408,34
6409,48
6410,41
6411,49
6412,76
6413,87
6414,42
6415,62
6416,53
6417,58
6418,55
6419,41
6420,39
6421,73
6422,60
6423,38
6424,41
6425,41
6426,45
6427,57
6428,57
6429,40
6430,57
6431,51
6432,66
6433,98
6434,50
6435,42
6436,35
6437,75
6438,66
6439,68
6440,39
6441,62
6442,72
6443,57
6444,44
6445,82
6446,47
6447,57
6448,71
6449,60
6450,48
6451,77
6452,54
6453,55
6454,46
6455,42
6456,73
6457,50
6458,60
6459,51
6460,49
6461,41
6462,60
6463,49
6464,64
6465,47
6466,55
6467,44
6468,46
6469,83
6470,65
6471,44
6472,58
6473,43
6474,45
6475,43
6476,51
6477,48
6478,40
6479,65
6480,52
6481,44
6482,39
6483,52
6484,52
6485,42
6486,46
6487,49
6488,40
6489,54
6490,48
6491,41
6492,41
6493,91
6494,58
6495,49
6496,44
6497,42
6498,44
6499,40
6500,42
6501,76
6502,52
6503,65
6504,43
6505,47
6506,40
6507,74
6508,61
6509,85
6510,62
6511,59
6512,66
6513,38
6514,41
6515,68
6516,60
6517,34
6518,49
6519,49
6520,75
6521,49
6522,95
6523,42
6524,61
6525,73
6526,55
6527,55
6528,42
6529,66
6530,84
6531,58
6532,42
6533,62
6534,55
6535,62
6536,39
6537,72
6538,50
6539,67
6540,40
6541,57
6542,55
6543,108
6544,72
6545,41
6546,40
6547,78
6548,50
6549,46
6550,49
6551,65
6552,43
6553,60
6554,42
6555,53
6556,44
6557,44
6558,114
6559,73
6560,44
6561,61
6562,68
6563,63
6564,44
6565,40
6566,50
6567,57
6568,53
6569,99
6570,63
6571,101
6572,83
6573,41
6574,90
6575,66
6576,54
6577,44
6578,50
6579,52
6580,53
6581,79
6582,63
6583,59
6584,39
6585,51
6586,103
6587,78
6588,53
6589,48
6590,54
6591,63
6592,49
6593,42
6594,54
6595,81
6596,101
6597,110
6598,48
6599,49
6600,62
6601,46
6602,42
6603,63
6604,40
6605,106
6606,41
6607,57
6608,62
6609,81
6610,58
6611,55
6612,55
6613,47
6614,49
6615,77
6616,43
6617,39
6618,45
6619,54
6620,62
6621,58
6622,95
6623,40
6624,61
6625,49
6626,57
6627,60
6628,38
6629,67
6630,50
6631,73
6632,45
6633,53
6634,53
6635,42
6636,54
6637,65
6638,41
6639,65
6640,41
6641,70
6642,68
6643,58
6644,50
6645,53
6646,72
6647,52
6648,67
6649,48
6650,38
6651,72
6652,43
6653,42
6654,37
6655,54
6656,53
6657,89
6658,51
6659,66
6660,45
6661,59
6662,45
6663,70
6664,39
6665,48
6666,60
6667,50
6668,94
6669,35
6670,76
6671,50
6672,60
6673,71
6674,44
6675,64
6676,72
6677,49
6678,64
6679,38
6680,53
6681,51
6682,53
6683,53
6684,38
6685,83
6686,60
6687,72
6688,56
6689,38
6690,56
6691,57
6692,40
6693,40
6694,60
6695,78
6696,40
6697,42
6698,52
6699,63
6700,60
6701,92
6702,42
6703,58
6704,57
6705,47
6706,75
6707,53
6708,43
6709,45
6710,48
6711,51
6712,42
6713,73
6714,70
6715,50
6716,43
6717,32
6718,51
6719,44
6720,75
6721,41
6722,45
6723,45
6724,45
6725,56
6726,89
6727,45
6728,61
6729,37
6730,78
6731,53
6732,32
6733,83
6734,42
6735,53
6736,43
6737,38
6738,62
6739,42
6740,60
6741,39
6742,45
6743,66
6744,40
6745,49
6746,61
6747,71
6748,49
6749,59
6750,73
6751,34
6752,33
6753,52
6754,43
6755,41
6756,43
6757,41
6758,42
6759,61
6760,58
6761,47
6762,60
6763,48
6764,45
6765,43
6766,68
6767,68
6768,62
6769,41
6770,64
6771,54
6772,42
6773,47
6774,38
6775,55
6776,86
6777,43
6778,50
6779,63
6780,44
6781,49
6782,44
6783,32
6784,56
6785,42
6786,36
6787,53
6788,54
6789,84
6790,45
6791,112
6792,77
6793,75
6794,41
6795,64
6796,71
6797,42
6798,63
6799,37
6800,51
6801,37
6802,51
6803,37
6804,38
6805,35
6806,45
6807,43
6808,54
6809,76
6810,79
6811,39
6812,48
6813,45
6814,39
6815,38
6816,58
6817,57
6818,38
6819,75
6820,57
6821,102
6822,43
6823,54
6824,36
6825,53
6826,60
6827,41
6828,67
6829,38
6830,43
6831,49
6832,61
6833,54
6834,91
6835,45
6836,59
6837,56
6838,54
6839,88
6840,58
6841,49
6842,77
6843,52
6844,76
6845,70
6846,54
6847,53
6848,55
6849,50
6850,102
6851,60
6852,39
6853,88
6854,57
6855,42
6856,65
6857,35
6858,56
6859,74
6860,54
6861,45
6862,52
6863,47
6864,46
6865,81
6866,34
6867,84
6868,47
6869,46
6870,51
6871,77
6872,50
6873,59
6874,74
6875,48
6876,59
6877,47
6878,44
6879,103
6880,65
6881,51
6882,45
6883,65
6884,63
6885,45
6886,62
6887,48
6888,51
6889,49
6890,52
6891,47
6892,77
6893,38
6894,57
6895,43
6896,65
6897,45
6898,52
6899,53
6900,59
6901,47
6902,46
6903,46
6904,65
6905,39
6906,55
6907,48
6908,49
6909,55
6910,46
6911,58
6912,61
6913,45
6914,44
6915,59
6916,51
6917,41
6918,47
6919,76
6920,82
6921,43
6922,43
6923,87
6924,52
6925,47
6926,57
6927,80
6928,48
6929,55
6930,60
6931,38
6932,48
6933,48
6934,48
6935,43
6936,46
6937,95
6938,68
6939,51
6940,55
6941,39
6942,39
6943,78
6944,38
6945,44
6946,69
6947,46
6948,45
6949,56
6950,65
6951,43
6952,64
6953,76
6954,58
6955,76
6956,63
6957,69
6958,76
6959,71
6960,64
6961,52
6962,45
6963,36
6964,52
6965,51
6966,41
6967,81
6968,46
6969,62
6970,82
6971,38
6972,44
6973,37
6974,45
6975,35
6976,42
6977,65
6978,40
6979,76
6980,39
6981,35
6982,50
6983,53
6984,75
6985,50
6986,67
6987,40
6988,50
6989,84
6990,50
6991,75
6992,66
6993,72
6994,49
6995,42
6996,41
6997,48
6998,65
6999,48
